protocol,split_name,test_condition,feature_setting,feature_label,num_features,alpha,val_mae,mae,rmse,r2,selected_features
cross_condition,cross_train_C1_C2_test_C3,C3,raw_signal,Raw signal,512,100.0,0.44852943680084806,0.27138393083295503,0.3402345975867981,-0.38713779926203706,"[""h_raw_0000"", ""h_raw_0001"", ""h_raw_0002"", ""h_raw_0003"", ""h_raw_0004"", ""h_raw_0005"", ""h_raw_0006"", ""h_raw_0007"", ""h_raw_0008"", ""h_raw_0009"", ""h_raw_0010"", ""h_raw_0011"", ""h_raw_0012"", ""h_raw_0013"", ""h_raw_0014"", ""h_raw_0015"", ""h_raw_0016"", ""h_raw_0017"", ""h_raw_0018"", ""h_raw_0019"", ""h_raw_0020"", ""h_raw_0021"", ""h_raw_0022"", ""h_raw_0023"", ""h_raw_0024"", ""h_raw_0025"", ""h_raw_0026"", ""h_raw_0027"", ""h_raw_0028"", ""h_raw_0029"", ""h_raw_0030"", ""h_raw_0031"", ""h_raw_0032"", ""h_raw_0033"", ""h_raw_0034"", ""h_raw_0035"", ""h_raw_0036"", ""h_raw_0037"", ""h_raw_0038"", ""h_raw_0039"", ""h_raw_0040"", ""h_raw_0041"", ""h_raw_0042"", ""h_raw_0043"", ""h_raw_0044"", ""h_raw_0045"", ""h_raw_0046"", ""h_raw_0047"", ""h_raw_0048"", ""h_raw_0049"", ""h_raw_0050"", ""h_raw_0051"", ""h_raw_0052"", ""h_raw_0053"", ""h_raw_0054"", ""h_raw_0055"", ""h_raw_0056"", ""h_raw_0057"", ""h_raw_0058"", ""h_raw_0059"", ""h_raw_0060"", ""h_raw_0061"", ""h_raw_0062"", ""h_raw_0063"", ""h_raw_0064"", ""h_raw_0065"", ""h_raw_0066"", ""h_raw_0067"", ""h_raw_0068"", ""h_raw_0069"", ""h_raw_0070"", ""h_raw_0071"", ""h_raw_0072"", ""h_raw_0073"", ""h_raw_0074"", ""h_raw_0075"", ""h_raw_0076"", ""h_raw_0077"", ""h_raw_0078"", ""h_raw_0079"", ""h_raw_0080"", ""h_raw_0081"", ""h_raw_0082"", ""h_raw_0083"", ""h_raw_0084"", ""h_raw_0085"", ""h_raw_0086"", ""h_raw_0087"", ""h_raw_0088"", ""h_raw_0089"", ""h_raw_0090"", ""h_raw_0091"", ""h_raw_0092"", ""h_raw_0093"", ""h_raw_0094"", ""h_raw_0095"", ""h_raw_0096"", ""h_raw_0097"", ""h_raw_0098"", ""h_raw_0099"", ""h_raw_0100"", ""h_raw_0101"", ""h_raw_0102"", ""h_raw_0103"", ""h_raw_0104"", ""h_raw_0105"", ""h_raw_0106"", ""h_raw_0107"", ""h_raw_0108"", ""h_raw_0109"", ""h_raw_0110"", ""h_raw_0111"", ""h_raw_0112"", ""h_raw_0113"", ""h_raw_0114"", ""h_raw_0115"", ""h_raw_0116"", ""h_raw_0117"", ""h_raw_0118"", ""h_raw_0119"", ""h_raw_0120"", ""h_raw_0121"", ""h_raw_0122"", ""h_raw_0123"", ""h_raw_0124"", ""h_raw_0125"", ""h_raw_0126"", ""h_raw_0127"", ""h_raw_0128"", ""h_raw_0129"", ""h_raw_0130"", ""h_raw_0131"", ""h_raw_0132"", ""h_raw_0133"", ""h_raw_0134"", ""h_raw_0135"", ""h_raw_0136"", ""h_raw_0137"", ""h_raw_0138"", ""h_raw_0139"", ""h_raw_0140"", ""h_raw_0141"", ""h_raw_0142"", ""h_raw_0143"", ""h_raw_0144"", ""h_raw_0145"", ""h_raw_0146"", ""h_raw_0147"", ""h_raw_0148"", ""h_raw_0149"", ""h_raw_0150"", ""h_raw_0151"", ""h_raw_0152"", ""h_raw_0153"", ""h_raw_0154"", ""h_raw_0155"", ""h_raw_0156"", ""h_raw_0157"", ""h_raw_0158"", ""h_raw_0159"", ""h_raw_0160"", ""h_raw_0161"", ""h_raw_0162"", ""h_raw_0163"", ""h_raw_0164"", ""h_raw_0165"", ""h_raw_0166"", ""h_raw_0167"", ""h_raw_0168"", ""h_raw_0169"", ""h_raw_0170"", ""h_raw_0171"", ""h_raw_0172"", ""h_raw_0173"", ""h_raw_0174"", ""h_raw_0175"", ""h_raw_0176"", ""h_raw_0177"", ""h_raw_0178"", ""h_raw_0179"", ""h_raw_0180"", ""h_raw_0181"", ""h_raw_0182"", ""h_raw_0183"", ""h_raw_0184"", ""h_raw_0185"", ""h_raw_0186"", ""h_raw_0187"", ""h_raw_0188"", ""h_raw_0189"", ""h_raw_0190"", ""h_raw_0191"", ""h_raw_0192"", ""h_raw_0193"", ""h_raw_0194"", ""h_raw_0195"", ""h_raw_0196"", ""h_raw_0197"", ""h_raw_0198"", ""h_raw_0199"", ""h_raw_0200"", ""h_raw_0201"", ""h_raw_0202"", ""h_raw_0203"", ""h_raw_0204"", ""h_raw_0205"", ""h_raw_0206"", ""h_raw_0207"", ""h_raw_0208"", ""h_raw_0209"", ""h_raw_0210"", ""h_raw_0211"", ""h_raw_0212"", ""h_raw_0213"", ""h_raw_0214"", ""h_raw_0215"", ""h_raw_0216"", ""h_raw_0217"", ""h_raw_0218"", ""h_raw_0219"", ""h_raw_0220"", ""h_raw_0221"", ""h_raw_0222"", ""h_raw_0223"", ""h_raw_0224"", ""h_raw_0225"", ""h_raw_0226"", ""h_raw_0227"", ""h_raw_0228"", ""h_raw_0229"", ""h_raw_0230"", ""h_raw_0231"", ""h_raw_0232"", ""h_raw_0233"", ""h_raw_0234"", ""h_raw_0235"", ""h_raw_0236"", ""h_raw_0237"", ""h_raw_0238"", ""h_raw_0239"", ""h_raw_0240"", ""h_raw_0241"", ""h_raw_0242"", ""h_raw_0243"", ""h_raw_0244"", ""h_raw_0245"", ""h_raw_0246"", ""h_raw_0247"", ""h_raw_0248"", ""h_raw_0249"", ""h_raw_0250"", ""h_raw_0251"", ""h_raw_0252"", ""h_raw_0253"", ""h_raw_0254"", ""h_raw_0255"", ""v_raw_0000"", ""v_raw_0001"", ""v_raw_0002"", ""v_raw_0003"", ""v_raw_0004"", ""v_raw_0005"", ""v_raw_0006"", ""v_raw_0007"", ""v_raw_0008"", ""v_raw_0009"", ""v_raw_0010"", ""v_raw_0011"", ""v_raw_0012"", ""v_raw_0013"", ""v_raw_0014"", ""v_raw_0015"", ""v_raw_0016"", ""v_raw_0017"", ""v_raw_0018"", ""v_raw_0019"", ""v_raw_0020"", ""v_raw_0021"", ""v_raw_0022"", ""v_raw_0023"", ""v_raw_0024"", ""v_raw_0025"", ""v_raw_0026"", ""v_raw_0027"", ""v_raw_0028"", ""v_raw_0029"", ""v_raw_0030"", ""v_raw_0031"", ""v_raw_0032"", ""v_raw_0033"", ""v_raw_0034"", ""v_raw_0035"", ""v_raw_0036"", ""v_raw_0037"", ""v_raw_0038"", ""v_raw_0039"", ""v_raw_0040"", ""v_raw_0041"", ""v_raw_0042"", ""v_raw_0043"", ""v_raw_0044"", ""v_raw_0045"", ""v_raw_0046"", ""v_raw_0047"", ""v_raw_0048"", ""v_raw_0049"", ""v_raw_0050"", ""v_raw_0051"", ""v_raw_0052"", ""v_raw_0053"", ""v_raw_0054"", ""v_raw_0055"", ""v_raw_0056"", ""v_raw_0057"", ""v_raw_0058"", ""v_raw_0059"", ""v_raw_0060"", ""v_raw_0061"", ""v_raw_0062"", ""v_raw_0063"", ""v_raw_0064"", ""v_raw_0065"", ""v_raw_0066"", ""v_raw_0067"", ""v_raw_0068"", ""v_raw_0069"", ""v_raw_0070"", ""v_raw_0071"", ""v_raw_0072"", ""v_raw_0073"", ""v_raw_0074"", ""v_raw_0075"", ""v_raw_0076"", ""v_raw_0077"", ""v_raw_0078"", ""v_raw_0079"", ""v_raw_0080"", ""v_raw_0081"", ""v_raw_0082"", ""v_raw_0083"", ""v_raw_0084"", ""v_raw_0085"", ""v_raw_0086"", ""v_raw_0087"", ""v_raw_0088"", ""v_raw_0089"", ""v_raw_0090"", ""v_raw_0091"", ""v_raw_0092"", ""v_raw_0093"", ""v_raw_0094"", ""v_raw_0095"", ""v_raw_0096"", ""v_raw_0097"", ""v_raw_0098"", ""v_raw_0099"", ""v_raw_0100"", ""v_raw_0101"", ""v_raw_0102"", ""v_raw_0103"", ""v_raw_0104"", ""v_raw_0105"", ""v_raw_0106"", ""v_raw_0107"", ""v_raw_0108"", ""v_raw_0109"", ""v_raw_0110"", ""v_raw_0111"", ""v_raw_0112"", ""v_raw_0113"", ""v_raw_0114"", ""v_raw_0115"", ""v_raw_0116"", ""v_raw_0117"", ""v_raw_0118"", ""v_raw_0119"", ""v_raw_0120"", ""v_raw_0121"", ""v_raw_0122"", ""v_raw_0123"", ""v_raw_0124"", ""v_raw_0125"", ""v_raw_0126"", ""v_raw_0127"", ""v_raw_0128"", ""v_raw_0129"", ""v_raw_0130"", ""v_raw_0131"", ""v_raw_0132"", ""v_raw_0133"", ""v_raw_0134"", ""v_raw_0135"", ""v_raw_0136"", ""v_raw_0137"", ""v_raw_0138"", ""v_raw_0139"", ""v_raw_0140"", ""v_raw_0141"", ""v_raw_0142"", ""v_raw_0143"", ""v_raw_0144"", ""v_raw_0145"", ""v_raw_0146"", ""v_raw_0147"", ""v_raw_0148"", ""v_raw_0149"", ""v_raw_0150"", ""v_raw_0151"", ""v_raw_0152"", ""v_raw_0153"", ""v_raw_0154"", ""v_raw_0155"", ""v_raw_0156"", ""v_raw_0157"", ""v_raw_0158"", ""v_raw_0159"", ""v_raw_0160"", ""v_raw_0161"", ""v_raw_0162"", ""v_raw_0163"", ""v_raw_0164"", ""v_raw_0165"", ""v_raw_0166"", ""v_raw_0167"", ""v_raw_0168"", ""v_raw_0169"", ""v_raw_0170"", ""v_raw_0171"", ""v_raw_0172"", ""v_raw_0173"", ""v_raw_0174"", ""v_raw_0175"", ""v_raw_0176"", ""v_raw_0177"", ""v_raw_0178"", ""v_raw_0179"", ""v_raw_0180"", ""v_raw_0181"", ""v_raw_0182"", ""v_raw_0183"", ""v_raw_0184"", ""v_raw_0185"", ""v_raw_0186"", ""v_raw_0187"", ""v_raw_0188"", ""v_raw_0189"", ""v_raw_0190"", ""v_raw_0191"", ""v_raw_0192"", ""v_raw_0193"", ""v_raw_0194"", ""v_raw_0195"", ""v_raw_0196"", ""v_raw_0197"", ""v_raw_0198"", ""v_raw_0199"", ""v_raw_0200"", ""v_raw_0201"", ""v_raw_0202"", ""v_raw_0203"", ""v_raw_0204"", ""v_raw_0205"", ""v_raw_0206"", ""v_raw_0207"", ""v_raw_0208"", ""v_raw_0209"", ""v_raw_0210"", ""v_raw_0211"", ""v_raw_0212"", ""v_raw_0213"", ""v_raw_0214"", ""v_raw_0215"", ""v_raw_0216"", ""v_raw_0217"", ""v_raw_0218"", ""v_raw_0219"", ""v_raw_0220"", ""v_raw_0221"", ""v_raw_0222"", ""v_raw_0223"", ""v_raw_0224"", ""v_raw_0225"", ""v_raw_0226"", ""v_raw_0227"", ""v_raw_0228"", ""v_raw_0229"", ""v_raw_0230"", ""v_raw_0231"", ""v_raw_0232"", ""v_raw_0233"", ""v_raw_0234"", ""v_raw_0235"", ""v_raw_0236"", ""v_raw_0237"", ""v_raw_0238"", ""v_raw_0239"", ""v_raw_0240"", ""v_raw_0241"", ""v_raw_0242"", ""v_raw_0243"", ""v_raw_0244"", ""v_raw_0245"", ""v_raw_0246"", ""v_raw_0247"", ""v_raw_0248"", ""v_raw_0249"", ""v_raw_0250"", ""v_raw_0251"", ""v_raw_0252"", ""v_raw_0253"", ""v_raw_0254"", ""v_raw_0255""]"
cross_condition,cross_train_C1_C2_test_C3,C3,time,Time,28,100.0,0.15994374330877267,0.250513371722207,0.2923975202375233,-0.024495438293059335,"[""h_mean"", ""h_std"", ""h_rms"", ""h_max"", ""h_min"", ""h_peak_to_peak"", ""h_abs_mean"", ""h_skewness"", ""h_kurtosis"", ""h_energy"", ""h_max_abs"", ""h_crest_factor"", ""h_impulse_factor"", ""h_shape_factor"", ""v_mean"", ""v_std"", ""v_rms"", ""v_max"", ""v_min"", ""v_peak_to_peak"", ""v_abs_mean"", ""v_skewness"", ""v_kurtosis"", ""v_energy"", ""v_max_abs"", ""v_crest_factor"", ""v_impulse_factor"", ""v_shape_factor""]"
cross_condition,cross_train_C1_C2_test_C3,C3,frequency,Frequency,24,100.0,0.37163951035703313,0.31443099519416456,0.3969603507937483,-0.8882388119728792,"[""h_spectral_energy"", ""h_spectral_centroid"", ""h_spectral_entropy"", ""h_dominant_frequency"", ""h_band_energy_0_2k"", ""h_band_energy_2k_5k"", ""h_band_energy_5k_10k"", ""h_band_energy_10k_nyquist"", ""h_band_ratio_0_2k"", ""h_band_ratio_2k_5k"", ""h_band_ratio_5k_10k"", ""h_band_ratio_10k_nyquist"", ""v_spectral_energy"", ""v_spectral_centroid"", ""v_spectral_entropy"", ""v_dominant_frequency"", ""v_band_energy_0_2k"", ""v_band_energy_2k_5k"", ""v_band_energy_5k_10k"", ""v_band_energy_10k_nyquist"", ""v_band_ratio_0_2k"", ""v_band_ratio_2k_5k"", ""v_band_ratio_5k_10k"", ""v_band_ratio_10k_nyquist""]"
cross_condition,cross_train_C1_C2_test_C3,C3,wavelet,Wavelet,72,10.0,0.4707378188691214,0.29618357885642344,0.377626381493301,-0.7087845665179253,"[""h_wpt_l3_b1_energy"", ""h_wpt_l3_b1_rms"", ""h_wpt_l3_b2_energy"", ""h_wpt_l3_b2_rms"", ""h_wpt_l3_b3_energy"", ""h_wpt_l3_b3_rms"", ""h_wpt_l3_b4_energy"", ""h_wpt_l3_b4_rms"", ""h_wpt_l3_b5_energy"", ""h_wpt_l3_b5_rms"", ""h_wpt_l3_b6_energy"", ""h_wpt_l3_b6_rms"", ""h_wpt_l3_b7_energy"", ""h_wpt_l3_b7_rms"", ""h_wpt_l3_b8_energy"", ""h_wpt_l3_b8_rms"", ""h_wpt_l3_b1_energy_ratio"", ""h_wpt_l3_b2_energy_ratio"", ""h_wpt_l3_b3_energy_ratio"", ""h_wpt_l3_b4_energy_ratio"", ""h_wpt_l3_b5_energy_ratio"", ""h_wpt_l3_b6_energy_ratio"", ""h_wpt_l3_b7_energy_ratio"", ""h_wpt_l3_b8_energy_ratio"", ""h_wav_ca3_mean"", ""h_wav_ca3_var"", ""h_wav_ca3_energy"", ""h_wav_cd3_mean"", ""h_wav_cd3_var"", ""h_wav_cd3_energy"", ""h_wav_cd2_mean"", ""h_wav_cd2_var"", ""h_wav_cd2_energy"", ""h_wav_cd1_mean"", ""h_wav_cd1_var"", ""h_wav_cd1_energy"", ""v_wpt_l3_b1_energy"", ""v_wpt_l3_b1_rms"", ""v_wpt_l3_b2_energy"", ""v_wpt_l3_b2_rms"", ""v_wpt_l3_b3_energy"", ""v_wpt_l3_b3_rms"", ""v_wpt_l3_b4_energy"", ""v_wpt_l3_b4_rms"", ""v_wpt_l3_b5_energy"", ""v_wpt_l3_b5_rms"", ""v_wpt_l3_b6_energy"", ""v_wpt_l3_b6_rms"", ""v_wpt_l3_b7_energy"", ""v_wpt_l3_b7_rms"", ""v_wpt_l3_b8_energy"", ""v_wpt_l3_b8_rms"", ""v_wpt_l3_b1_energy_ratio"", ""v_wpt_l3_b2_energy_ratio"", ""v_wpt_l3_b3_energy_ratio"", ""v_wpt_l3_b4_energy_ratio"", ""v_wpt_l3_b5_energy_ratio"", ""v_wpt_l3_b6_energy_ratio"", ""v_wpt_l3_b7_energy_ratio"", ""v_wpt_l3_b8_energy_ratio"", ""v_wav_ca3_mean"", ""v_wav_ca3_var"", ""v_wav_ca3_energy"", ""v_wav_cd3_mean"", ""v_wav_cd3_var"", ""v_wav_cd3_energy"", ""v_wav_cd2_mean"", ""v_wav_cd2_var"", ""v_wav_cd2_energy"", ""v_wav_cd1_mean"", ""v_wav_cd1_var"", ""v_wav_cd1_energy""]"
cross_condition,cross_train_C1_C2_test_C3,C3,original,Original,52,100.0,0.247396127982994,0.3429678894834137,0.42201059177957123,-1.1340734415920033,"[""h_mean"", ""h_std"", ""h_rms"", ""h_max"", ""h_min"", ""h_peak_to_peak"", ""h_abs_mean"", ""h_skewness"", ""h_kurtosis"", ""h_energy"", ""h_max_abs"", ""h_crest_factor"", ""h_impulse_factor"", ""h_shape_factor"", ""h_spectral_energy"", ""h_spectral_centroid"", ""h_spectral_entropy"", ""h_dominant_frequency"", ""h_band_energy_0_2k"", ""h_band_energy_2k_5k"", ""h_band_energy_5k_10k"", ""h_band_energy_10k_nyquist"", ""h_band_ratio_0_2k"", ""h_band_ratio_2k_5k"", ""h_band_ratio_5k_10k"", ""h_band_ratio_10k_nyquist"", ""v_mean"", ""v_std"", ""v_rms"", ""v_max"", ""v_min"", ""v_peak_to_peak"", ""v_abs_mean"", ""v_skewness"", ""v_kurtosis"", ""v_energy"", ""v_max_abs"", ""v_crest_factor"", ""v_impulse_factor"", ""v_shape_factor"", ""v_spectral_energy"", ""v_spectral_centroid"", ""v_spectral_entropy"", ""v_dominant_frequency"", ""v_band_energy_0_2k"", ""v_band_energy_2k_5k"", ""v_band_energy_5k_10k"", ""v_band_energy_10k_nyquist"", ""v_band_ratio_0_2k"", ""v_band_ratio_2k_5k"", ""v_band_ratio_5k_10k"", ""v_band_ratio_10k_nyquist""]"
cross_condition,cross_train_C1_C2_test_C3,C3,all_expanded,All-expanded,124,10.0,0.35478404341289377,0.39715788518901013,0.4738810239924324,-1.6909231514934637,"[""h_mean"", ""h_std"", ""h_rms"", ""h_max"", ""h_min"", ""h_peak_to_peak"", ""h_abs_mean"", ""h_skewness"", ""h_kurtosis"", ""h_energy"", ""h_max_abs"", ""h_crest_factor"", ""h_impulse_factor"", ""h_shape_factor"", ""h_spectral_energy"", ""h_spectral_centroid"", ""h_spectral_entropy"", ""h_dominant_frequency"", ""h_band_energy_0_2k"", ""h_band_energy_2k_5k"", ""h_band_energy_5k_10k"", ""h_band_energy_10k_nyquist"", ""h_band_ratio_0_2k"", ""h_band_ratio_2k_5k"", ""h_band_ratio_5k_10k"", ""h_band_ratio_10k_nyquist"", ""h_wpt_l3_b1_energy"", ""h_wpt_l3_b1_rms"", ""h_wpt_l3_b2_energy"", ""h_wpt_l3_b2_rms"", ""h_wpt_l3_b3_energy"", ""h_wpt_l3_b3_rms"", ""h_wpt_l3_b4_energy"", ""h_wpt_l3_b4_rms"", ""h_wpt_l3_b5_energy"", ""h_wpt_l3_b5_rms"", ""h_wpt_l3_b6_energy"", ""h_wpt_l3_b6_rms"", ""h_wpt_l3_b7_energy"", ""h_wpt_l3_b7_rms"", ""h_wpt_l3_b8_energy"", ""h_wpt_l3_b8_rms"", ""h_wpt_l3_b1_energy_ratio"", ""h_wpt_l3_b2_energy_ratio"", ""h_wpt_l3_b3_energy_ratio"", ""h_wpt_l3_b4_energy_ratio"", ""h_wpt_l3_b5_energy_ratio"", ""h_wpt_l3_b6_energy_ratio"", ""h_wpt_l3_b7_energy_ratio"", ""h_wpt_l3_b8_energy_ratio"", ""h_wav_ca3_mean"", ""h_wav_ca3_var"", ""h_wav_ca3_energy"", ""h_wav_cd3_mean"", ""h_wav_cd3_var"", ""h_wav_cd3_energy"", ""h_wav_cd2_mean"", ""h_wav_cd2_var"", ""h_wav_cd2_energy"", ""h_wav_cd1_mean"", ""h_wav_cd1_var"", ""h_wav_cd1_energy"", ""v_mean"", ""v_std"", ""v_rms"", ""v_max"", ""v_min"", ""v_peak_to_peak"", ""v_abs_mean"", ""v_skewness"", ""v_kurtosis"", ""v_energy"", ""v_max_abs"", ""v_crest_factor"", ""v_impulse_factor"", ""v_shape_factor"", ""v_spectral_energy"", ""v_spectral_centroid"", ""v_spectral_entropy"", ""v_dominant_frequency"", ""v_band_energy_0_2k"", ""v_band_energy_2k_5k"", ""v_band_energy_5k_10k"", ""v_band_energy_10k_nyquist"", ""v_band_ratio_0_2k"", ""v_band_ratio_2k_5k"", ""v_band_ratio_5k_10k"", ""v_band_ratio_10k_nyquist"", ""v_wpt_l3_b1_energy"", ""v_wpt_l3_b1_rms"", ""v_wpt_l3_b2_energy"", ""v_wpt_l3_b2_rms"", ""v_wpt_l3_b3_energy"", ""v_wpt_l3_b3_rms"", ""v_wpt_l3_b4_energy"", ""v_wpt_l3_b4_rms"", ""v_wpt_l3_b5_energy"", ""v_wpt_l3_b5_rms"", ""v_wpt_l3_b6_energy"", ""v_wpt_l3_b6_rms"", ""v_wpt_l3_b7_energy"", ""v_wpt_l3_b7_rms"", ""v_wpt_l3_b8_energy"", ""v_wpt_l3_b8_rms"", ""v_wpt_l3_b1_energy_ratio"", ""v_wpt_l3_b2_energy_ratio"", ""v_wpt_l3_b3_energy_ratio"", ""v_wpt_l3_b4_energy_ratio"", ""v_wpt_l3_b5_energy_ratio"", ""v_wpt_l3_b6_energy_ratio"", ""v_wpt_l3_b7_energy_ratio"", ""v_wpt_l3_b8_energy_ratio"", ""v_wav_ca3_mean"", ""v_wav_ca3_var"", ""v_wav_ca3_energy"", ""v_wav_cd3_mean"", ""v_wav_cd3_var"", ""v_wav_cd3_energy"", ""v_wav_cd2_mean"", ""v_wav_cd2_var"", ""v_wav_cd2_energy"", ""v_wav_cd1_mean"", ""v_wav_cd1_var"", ""v_wav_cd1_energy""]"
cross_condition,cross_train_C1_C2_test_C3,C3,selected_top30,Top30,30,100.0,0.373141403614884,0.3101267250897517,0.37150013941147236,-0.6537909874294545,"[""v_abs_mean"", ""v_rms"", ""v_std"", ""h_abs_mean"", ""h_wpt_l3_b2_rms"", ""h_std"", ""h_wpt_l3_b6_rms"", ""h_rms"", ""v_wpt_l3_b2_rms"", ""v_wpt_l3_b7_rms"", ""v_wpt_l3_b1_rms"", ""v_wpt_l3_b5_rms"", ""v_band_energy_5k_10k"", ""v_wpt_l3_b4_rms"", ""h_wpt_l3_b4_rms"", ""v_band_energy_10k_nyquist"", ""v_wpt_l3_b8_rms"", ""h_wpt_l3_b5_rms"", ""v_wpt_l3_b6_rms"", ""h_wpt_l3_b8_rms"", ""v_band_ratio_2k_5k"", ""v_wpt_l3_b3_rms"", ""h_wpt_l3_b7_rms"", ""h_band_energy_5k_10k"", ""v_wav_cd1_energy"", ""v_wav_cd1_var"", ""h_wpt_l3_b1_rms"", ""h_wpt_l3_b3_rms"", ""h_peak_to_peak"", ""h_band_energy_10k_nyquist""]"
cross_condition,cross_train_C1_C2_test_C3,C3,selected_top60,Top60,60,100.0,0.2475382333640438,0.3306197416816794,0.40310488011993,-0.9471471374061851,"[""v_abs_mean"", ""v_rms"", ""v_std"", ""h_abs_mean"", ""h_wpt_l3_b2_rms"", ""h_std"", ""h_wpt_l3_b6_rms"", ""h_rms"", ""v_wpt_l3_b2_rms"", ""v_wpt_l3_b7_rms"", ""v_wpt_l3_b1_rms"", ""v_wpt_l3_b5_rms"", ""v_band_energy_5k_10k"", ""v_wpt_l3_b4_rms"", ""h_wpt_l3_b4_rms"", ""v_band_energy_10k_nyquist"", ""v_wpt_l3_b8_rms"", ""h_wpt_l3_b5_rms"", ""v_wpt_l3_b6_rms"", ""h_wpt_l3_b8_rms"", ""v_band_ratio_2k_5k"", ""v_wpt_l3_b3_rms"", ""h_wpt_l3_b7_rms"", ""h_band_energy_5k_10k"", ""v_wav_cd1_energy"", ""v_wav_cd1_var"", ""h_wpt_l3_b1_rms"", ""h_wpt_l3_b3_rms"", ""h_peak_to_peak"", ""h_band_energy_10k_nyquist"", ""v_max_abs"", ""v_spectral_energy"", ""v_wpt_l3_b5_energy"", ""v_peak_to_peak"", ""v_energy"", ""v_min"", ""v_wpt_l3_b7_energy"", ""v_max"", ""h_wpt_l3_b6_energy_ratio"", ""v_wpt_l3_b4_energy"", ""h_max_abs"", ""h_wpt_l3_b2_energy"", ""h_wav_cd3_energy"", ""h_energy"", ""v_band_energy_0_2k"", ""v_wpt_l3_b8_energy"", ""h_spectral_energy"", ""h_wpt_l3_b6_energy"", ""h_wav_cd1_energy"", ""h_min"", ""h_max"", ""v_wpt_l3_b6_energy"", ""h_wav_cd1_var"", ""h_wav_cd3_var"", ""v_wav_cd3_var"", ""h_band_ratio_5k_10k"", ""v_wpt_l3_b1_energy"", ""v_wav_ca3_energy"", ""v_wpt_l3_b8_energy_ratio"", ""v_wav_cd3_energy""]"
cross_condition,cross_train_C1_C3_test_C2,C2,raw_signal,Raw signal,512,100.0,0.4145891758534743,0.28823903269350937,0.3710601748589879,-0.6416659951336685,"[""h_raw_0000"", ""h_raw_0001"", ""h_raw_0002"", ""h_raw_0003"", ""h_raw_0004"", ""h_raw_0005"", ""h_raw_0006"", ""h_raw_0007"", ""h_raw_0008"", ""h_raw_0009"", ""h_raw_0010"", ""h_raw_0011"", ""h_raw_0012"", ""h_raw_0013"", ""h_raw_0014"", ""h_raw_0015"", ""h_raw_0016"", ""h_raw_0017"", ""h_raw_0018"", ""h_raw_0019"", ""h_raw_0020"", ""h_raw_0021"", ""h_raw_0022"", ""h_raw_0023"", ""h_raw_0024"", ""h_raw_0025"", ""h_raw_0026"", ""h_raw_0027"", ""h_raw_0028"", ""h_raw_0029"", ""h_raw_0030"", ""h_raw_0031"", ""h_raw_0032"", ""h_raw_0033"", ""h_raw_0034"", ""h_raw_0035"", ""h_raw_0036"", ""h_raw_0037"", ""h_raw_0038"", ""h_raw_0039"", ""h_raw_0040"", ""h_raw_0041"", ""h_raw_0042"", ""h_raw_0043"", ""h_raw_0044"", ""h_raw_0045"", ""h_raw_0046"", ""h_raw_0047"", ""h_raw_0048"", ""h_raw_0049"", ""h_raw_0050"", ""h_raw_0051"", ""h_raw_0052"", ""h_raw_0053"", ""h_raw_0054"", ""h_raw_0055"", ""h_raw_0056"", ""h_raw_0057"", ""h_raw_0058"", ""h_raw_0059"", ""h_raw_0060"", ""h_raw_0061"", ""h_raw_0062"", ""h_raw_0063"", ""h_raw_0064"", ""h_raw_0065"", ""h_raw_0066"", ""h_raw_0067"", ""h_raw_0068"", ""h_raw_0069"", ""h_raw_0070"", ""h_raw_0071"", ""h_raw_0072"", ""h_raw_0073"", ""h_raw_0074"", ""h_raw_0075"", ""h_raw_0076"", ""h_raw_0077"", ""h_raw_0078"", ""h_raw_0079"", ""h_raw_0080"", ""h_raw_0081"", ""h_raw_0082"", ""h_raw_0083"", ""h_raw_0084"", ""h_raw_0085"", ""h_raw_0086"", ""h_raw_0087"", ""h_raw_0088"", ""h_raw_0089"", ""h_raw_0090"", ""h_raw_0091"", ""h_raw_0092"", ""h_raw_0093"", ""h_raw_0094"", ""h_raw_0095"", ""h_raw_0096"", ""h_raw_0097"", ""h_raw_0098"", ""h_raw_0099"", ""h_raw_0100"", ""h_raw_0101"", ""h_raw_0102"", ""h_raw_0103"", ""h_raw_0104"", ""h_raw_0105"", ""h_raw_0106"", ""h_raw_0107"", ""h_raw_0108"", ""h_raw_0109"", ""h_raw_0110"", ""h_raw_0111"", ""h_raw_0112"", ""h_raw_0113"", ""h_raw_0114"", ""h_raw_0115"", ""h_raw_0116"", ""h_raw_0117"", ""h_raw_0118"", ""h_raw_0119"", ""h_raw_0120"", ""h_raw_0121"", ""h_raw_0122"", ""h_raw_0123"", ""h_raw_0124"", ""h_raw_0125"", ""h_raw_0126"", ""h_raw_0127"", ""h_raw_0128"", ""h_raw_0129"", ""h_raw_0130"", ""h_raw_0131"", ""h_raw_0132"", ""h_raw_0133"", ""h_raw_0134"", ""h_raw_0135"", ""h_raw_0136"", ""h_raw_0137"", ""h_raw_0138"", ""h_raw_0139"", ""h_raw_0140"", ""h_raw_0141"", ""h_raw_0142"", ""h_raw_0143"", ""h_raw_0144"", ""h_raw_0145"", ""h_raw_0146"", ""h_raw_0147"", ""h_raw_0148"", ""h_raw_0149"", ""h_raw_0150"", ""h_raw_0151"", ""h_raw_0152"", ""h_raw_0153"", ""h_raw_0154"", ""h_raw_0155"", ""h_raw_0156"", ""h_raw_0157"", ""h_raw_0158"", ""h_raw_0159"", ""h_raw_0160"", ""h_raw_0161"", ""h_raw_0162"", ""h_raw_0163"", ""h_raw_0164"", ""h_raw_0165"", ""h_raw_0166"", ""h_raw_0167"", ""h_raw_0168"", ""h_raw_0169"", ""h_raw_0170"", ""h_raw_0171"", ""h_raw_0172"", ""h_raw_0173"", ""h_raw_0174"", ""h_raw_0175"", ""h_raw_0176"", ""h_raw_0177"", ""h_raw_0178"", ""h_raw_0179"", ""h_raw_0180"", ""h_raw_0181"", ""h_raw_0182"", ""h_raw_0183"", ""h_raw_0184"", ""h_raw_0185"", ""h_raw_0186"", ""h_raw_0187"", ""h_raw_0188"", ""h_raw_0189"", ""h_raw_0190"", ""h_raw_0191"", ""h_raw_0192"", ""h_raw_0193"", ""h_raw_0194"", ""h_raw_0195"", ""h_raw_0196"", ""h_raw_0197"", ""h_raw_0198"", ""h_raw_0199"", ""h_raw_0200"", ""h_raw_0201"", ""h_raw_0202"", ""h_raw_0203"", ""h_raw_0204"", ""h_raw_0205"", ""h_raw_0206"", ""h_raw_0207"", ""h_raw_0208"", ""h_raw_0209"", ""h_raw_0210"", ""h_raw_0211"", ""h_raw_0212"", ""h_raw_0213"", ""h_raw_0214"", ""h_raw_0215"", ""h_raw_0216"", ""h_raw_0217"", ""h_raw_0218"", ""h_raw_0219"", ""h_raw_0220"", ""h_raw_0221"", ""h_raw_0222"", ""h_raw_0223"", ""h_raw_0224"", ""h_raw_0225"", ""h_raw_0226"", ""h_raw_0227"", ""h_raw_0228"", ""h_raw_0229"", ""h_raw_0230"", ""h_raw_0231"", ""h_raw_0232"", ""h_raw_0233"", ""h_raw_0234"", ""h_raw_0235"", ""h_raw_0236"", ""h_raw_0237"", ""h_raw_0238"", ""h_raw_0239"", ""h_raw_0240"", ""h_raw_0241"", ""h_raw_0242"", ""h_raw_0243"", ""h_raw_0244"", ""h_raw_0245"", ""h_raw_0246"", ""h_raw_0247"", ""h_raw_0248"", ""h_raw_0249"", ""h_raw_0250"", ""h_raw_0251"", ""h_raw_0252"", ""h_raw_0253"", ""h_raw_0254"", ""h_raw_0255"", ""v_raw_0000"", ""v_raw_0001"", ""v_raw_0002"", ""v_raw_0003"", ""v_raw_0004"", ""v_raw_0005"", ""v_raw_0006"", ""v_raw_0007"", ""v_raw_0008"", ""v_raw_0009"", ""v_raw_0010"", ""v_raw_0011"", ""v_raw_0012"", ""v_raw_0013"", ""v_raw_0014"", ""v_raw_0015"", ""v_raw_0016"", ""v_raw_0017"", ""v_raw_0018"", ""v_raw_0019"", ""v_raw_0020"", ""v_raw_0021"", ""v_raw_0022"", ""v_raw_0023"", ""v_raw_0024"", ""v_raw_0025"", ""v_raw_0026"", ""v_raw_0027"", ""v_raw_0028"", ""v_raw_0029"", ""v_raw_0030"", ""v_raw_0031"", ""v_raw_0032"", ""v_raw_0033"", ""v_raw_0034"", ""v_raw_0035"", ""v_raw_0036"", ""v_raw_0037"", ""v_raw_0038"", ""v_raw_0039"", ""v_raw_0040"", ""v_raw_0041"", ""v_raw_0042"", ""v_raw_0043"", ""v_raw_0044"", ""v_raw_0045"", ""v_raw_0046"", ""v_raw_0047"", ""v_raw_0048"", ""v_raw_0049"", ""v_raw_0050"", ""v_raw_0051"", ""v_raw_0052"", ""v_raw_0053"", ""v_raw_0054"", ""v_raw_0055"", ""v_raw_0056"", ""v_raw_0057"", ""v_raw_0058"", ""v_raw_0059"", ""v_raw_0060"", ""v_raw_0061"", ""v_raw_0062"", ""v_raw_0063"", ""v_raw_0064"", ""v_raw_0065"", ""v_raw_0066"", ""v_raw_0067"", ""v_raw_0068"", ""v_raw_0069"", ""v_raw_0070"", ""v_raw_0071"", ""v_raw_0072"", ""v_raw_0073"", ""v_raw_0074"", ""v_raw_0075"", ""v_raw_0076"", ""v_raw_0077"", ""v_raw_0078"", ""v_raw_0079"", ""v_raw_0080"", ""v_raw_0081"", ""v_raw_0082"", ""v_raw_0083"", ""v_raw_0084"", ""v_raw_0085"", ""v_raw_0086"", ""v_raw_0087"", ""v_raw_0088"", ""v_raw_0089"", ""v_raw_0090"", ""v_raw_0091"", ""v_raw_0092"", ""v_raw_0093"", ""v_raw_0094"", ""v_raw_0095"", ""v_raw_0096"", ""v_raw_0097"", ""v_raw_0098"", ""v_raw_0099"", ""v_raw_0100"", ""v_raw_0101"", ""v_raw_0102"", ""v_raw_0103"", ""v_raw_0104"", ""v_raw_0105"", ""v_raw_0106"", ""v_raw_0107"", ""v_raw_0108"", ""v_raw_0109"", ""v_raw_0110"", ""v_raw_0111"", ""v_raw_0112"", ""v_raw_0113"", ""v_raw_0114"", ""v_raw_0115"", ""v_raw_0116"", ""v_raw_0117"", ""v_raw_0118"", ""v_raw_0119"", ""v_raw_0120"", ""v_raw_0121"", ""v_raw_0122"", ""v_raw_0123"", ""v_raw_0124"", ""v_raw_0125"", ""v_raw_0126"", ""v_raw_0127"", ""v_raw_0128"", ""v_raw_0129"", ""v_raw_0130"", ""v_raw_0131"", ""v_raw_0132"", ""v_raw_0133"", ""v_raw_0134"", ""v_raw_0135"", ""v_raw_0136"", ""v_raw_0137"", ""v_raw_0138"", ""v_raw_0139"", ""v_raw_0140"", ""v_raw_0141"", ""v_raw_0142"", ""v_raw_0143"", ""v_raw_0144"", ""v_raw_0145"", ""v_raw_0146"", ""v_raw_0147"", ""v_raw_0148"", ""v_raw_0149"", ""v_raw_0150"", ""v_raw_0151"", ""v_raw_0152"", ""v_raw_0153"", ""v_raw_0154"", ""v_raw_0155"", ""v_raw_0156"", ""v_raw_0157"", ""v_raw_0158"", ""v_raw_0159"", ""v_raw_0160"", ""v_raw_0161"", ""v_raw_0162"", ""v_raw_0163"", ""v_raw_0164"", ""v_raw_0165"", ""v_raw_0166"", ""v_raw_0167"", ""v_raw_0168"", ""v_raw_0169"", ""v_raw_0170"", ""v_raw_0171"", ""v_raw_0172"", ""v_raw_0173"", ""v_raw_0174"", ""v_raw_0175"", ""v_raw_0176"", ""v_raw_0177"", ""v_raw_0178"", ""v_raw_0179"", ""v_raw_0180"", ""v_raw_0181"", ""v_raw_0182"", ""v_raw_0183"", ""v_raw_0184"", ""v_raw_0185"", ""v_raw_0186"", ""v_raw_0187"", ""v_raw_0188"", ""v_raw_0189"", ""v_raw_0190"", ""v_raw_0191"", ""v_raw_0192"", ""v_raw_0193"", ""v_raw_0194"", ""v_raw_0195"", ""v_raw_0196"", ""v_raw_0197"", ""v_raw_0198"", ""v_raw_0199"", ""v_raw_0200"", ""v_raw_0201"", ""v_raw_0202"", ""v_raw_0203"", ""v_raw_0204"", ""v_raw_0205"", ""v_raw_0206"", ""v_raw_0207"", ""v_raw_0208"", ""v_raw_0209"", ""v_raw_0210"", ""v_raw_0211"", ""v_raw_0212"", ""v_raw_0213"", ""v_raw_0214"", ""v_raw_0215"", ""v_raw_0216"", ""v_raw_0217"", ""v_raw_0218"", ""v_raw_0219"", ""v_raw_0220"", ""v_raw_0221"", ""v_raw_0222"", ""v_raw_0223"", ""v_raw_0224"", ""v_raw_0225"", ""v_raw_0226"", ""v_raw_0227"", ""v_raw_0228"", ""v_raw_0229"", ""v_raw_0230"", ""v_raw_0231"", ""v_raw_0232"", ""v_raw_0233"", ""v_raw_0234"", ""v_raw_0235"", ""v_raw_0236"", ""v_raw_0237"", ""v_raw_0238"", ""v_raw_0239"", ""v_raw_0240"", ""v_raw_0241"", ""v_raw_0242"", ""v_raw_0243"", ""v_raw_0244"", ""v_raw_0245"", ""v_raw_0246"", ""v_raw_0247"", ""v_raw_0248"", ""v_raw_0249"", ""v_raw_0250"", ""v_raw_0251"", ""v_raw_0252"", ""v_raw_0253"", ""v_raw_0254"", ""v_raw_0255""]"
cross_condition,cross_train_C1_C3_test_C2,C2,time,Time,28,1.0,0.53216017319271,0.2828987924968479,0.3298001992476528,-0.2968744674084216,"[""h_mean"", ""h_std"", ""h_rms"", ""h_max"", ""h_min"", ""h_peak_to_peak"", ""h_abs_mean"", ""h_skewness"", ""h_kurtosis"", ""h_energy"", ""h_max_abs"", ""h_crest_factor"", ""h_impulse_factor"", ""h_shape_factor"", ""v_mean"", ""v_std"", ""v_rms"", ""v_max"", ""v_min"", ""v_peak_to_peak"", ""v_abs_mean"", ""v_skewness"", ""v_kurtosis"", ""v_energy"", ""v_max_abs"", ""v_crest_factor"", ""v_impulse_factor"", ""v_shape_factor""]"
cross_condition,cross_train_C1_C3_test_C2,C2,frequency,Frequency,24,1.0,0.5008572194927249,0.32259850196943574,0.426998886229247,-1.1739502295483994,"[""h_spectral_energy"", ""h_spectral_centroid"", ""h_spectral_entropy"", ""h_dominant_frequency"", ""h_band_energy_0_2k"", ""h_band_energy_2k_5k"", ""h_band_energy_5k_10k"", ""h_band_energy_10k_nyquist"", ""h_band_ratio_0_2k"", ""h_band_ratio_2k_5k"", ""h_band_ratio_5k_10k"", ""h_band_ratio_10k_nyquist"", ""v_spectral_energy"", ""v_spectral_centroid"", ""v_spectral_entropy"", ""v_dominant_frequency"", ""v_band_energy_0_2k"", ""v_band_energy_2k_5k"", ""v_band_energy_5k_10k"", ""v_band_energy_10k_nyquist"", ""v_band_ratio_0_2k"", ""v_band_ratio_2k_5k"", ""v_band_ratio_5k_10k"", ""v_band_ratio_10k_nyquist""]"
cross_condition,cross_train_C1_C3_test_C2,C2,wavelet,Wavelet,72,100.0,0.7590970468247332,0.26038538378967857,0.32822889711431225,-0.28454623223933573,"[""h_wpt_l3_b1_energy"", ""h_wpt_l3_b1_rms"", ""h_wpt_l3_b2_energy"", ""h_wpt_l3_b2_rms"", ""h_wpt_l3_b3_energy"", ""h_wpt_l3_b3_rms"", ""h_wpt_l3_b4_energy"", ""h_wpt_l3_b4_rms"", ""h_wpt_l3_b5_energy"", ""h_wpt_l3_b5_rms"", ""h_wpt_l3_b6_energy"", ""h_wpt_l3_b6_rms"", ""h_wpt_l3_b7_energy"", ""h_wpt_l3_b7_rms"", ""h_wpt_l3_b8_energy"", ""h_wpt_l3_b8_rms"", ""h_wpt_l3_b1_energy_ratio"", ""h_wpt_l3_b2_energy_ratio"", ""h_wpt_l3_b3_energy_ratio"", ""h_wpt_l3_b4_energy_ratio"", ""h_wpt_l3_b5_energy_ratio"", ""h_wpt_l3_b6_energy_ratio"", ""h_wpt_l3_b7_energy_ratio"", ""h_wpt_l3_b8_energy_ratio"", ""h_wav_ca3_mean"", ""h_wav_ca3_var"", ""h_wav_ca3_energy"", ""h_wav_cd3_mean"", ""h_wav_cd3_var"", ""h_wav_cd3_energy"", ""h_wav_cd2_mean"", ""h_wav_cd2_var"", ""h_wav_cd2_energy"", ""h_wav_cd1_mean"", ""h_wav_cd1_var"", ""h_wav_cd1_energy"", ""v_wpt_l3_b1_energy"", ""v_wpt_l3_b1_rms"", ""v_wpt_l3_b2_energy"", ""v_wpt_l3_b2_rms"", ""v_wpt_l3_b3_energy"", ""v_wpt_l3_b3_rms"", ""v_wpt_l3_b4_energy"", ""v_wpt_l3_b4_rms"", ""v_wpt_l3_b5_energy"", ""v_wpt_l3_b5_rms"", ""v_wpt_l3_b6_energy"", ""v_wpt_l3_b6_rms"", ""v_wpt_l3_b7_energy"", ""v_wpt_l3_b7_rms"", ""v_wpt_l3_b8_energy"", ""v_wpt_l3_b8_rms"", ""v_wpt_l3_b1_energy_ratio"", ""v_wpt_l3_b2_energy_ratio"", ""v_wpt_l3_b3_energy_ratio"", ""v_wpt_l3_b4_energy_ratio"", ""v_wpt_l3_b5_energy_ratio"", ""v_wpt_l3_b6_energy_ratio"", ""v_wpt_l3_b7_energy_ratio"", ""v_wpt_l3_b8_energy_ratio"", ""v_wav_ca3_mean"", ""v_wav_ca3_var"", ""v_wav_ca3_energy"", ""v_wav_cd3_mean"", ""v_wav_cd3_var"", ""v_wav_cd3_energy"", ""v_wav_cd2_mean"", ""v_wav_cd2_var"", ""v_wav_cd2_energy"", ""v_wav_cd1_mean"", ""v_wav_cd1_var"", ""v_wav_cd1_energy""]"
cross_condition,cross_train_C1_C3_test_C2,C2,original,Original,52,100.0,0.6339095517746117,0.35286461418502907,0.4268106061041694,-1.1720334967710446,"[""h_mean"", ""h_std"", ""h_rms"", ""h_max"", ""h_min"", ""h_peak_to_peak"", ""h_abs_mean"", ""h_skewness"", ""h_kurtosis"", ""h_energy"", ""h_max_abs"", ""h_crest_factor"", ""h_impulse_factor"", ""h_shape_factor"", ""h_spectral_energy"", ""h_spectral_centroid"", ""h_spectral_entropy"", ""h_dominant_frequency"", ""h_band_energy_0_2k"", ""h_band_energy_2k_5k"", ""h_band_energy_5k_10k"", ""h_band_energy_10k_nyquist"", ""h_band_ratio_0_2k"", ""h_band_ratio_2k_5k"", ""h_band_ratio_5k_10k"", ""h_band_ratio_10k_nyquist"", ""v_mean"", ""v_std"", ""v_rms"", ""v_max"", ""v_min"", ""v_peak_to_peak"", ""v_abs_mean"", ""v_skewness"", ""v_kurtosis"", ""v_energy"", ""v_max_abs"", ""v_crest_factor"", ""v_impulse_factor"", ""v_shape_factor"", ""v_spectral_energy"", ""v_spectral_centroid"", ""v_spectral_entropy"", ""v_dominant_frequency"", ""v_band_energy_0_2k"", ""v_band_energy_2k_5k"", ""v_band_energy_5k_10k"", ""v_band_energy_10k_nyquist"", ""v_band_ratio_0_2k"", ""v_band_ratio_2k_5k"", ""v_band_ratio_5k_10k"", ""v_band_ratio_10k_nyquist""]"
cross_condition,cross_train_C1_C3_test_C2,C2,all_expanded,All-expanded,124,100.0,0.8679277600540992,0.461965724425319,0.5217235352879737,-2.245465296444704,"[""h_mean"", ""h_std"", ""h_rms"", ""h_max"", ""h_min"", ""h_peak_to_peak"", ""h_abs_mean"", ""h_skewness"", ""h_kurtosis"", ""h_energy"", ""h_max_abs"", ""h_crest_factor"", ""h_impulse_factor"", ""h_shape_factor"", ""h_spectral_energy"", ""h_spectral_centroid"", ""h_spectral_entropy"", ""h_dominant_frequency"", ""h_band_energy_0_2k"", ""h_band_energy_2k_5k"", ""h_band_energy_5k_10k"", ""h_band_energy_10k_nyquist"", ""h_band_ratio_0_2k"", ""h_band_ratio_2k_5k"", ""h_band_ratio_5k_10k"", ""h_band_ratio_10k_nyquist"", ""h_wpt_l3_b1_energy"", ""h_wpt_l3_b1_rms"", ""h_wpt_l3_b2_energy"", ""h_wpt_l3_b2_rms"", ""h_wpt_l3_b3_energy"", ""h_wpt_l3_b3_rms"", ""h_wpt_l3_b4_energy"", ""h_wpt_l3_b4_rms"", ""h_wpt_l3_b5_energy"", ""h_wpt_l3_b5_rms"", ""h_wpt_l3_b6_energy"", ""h_wpt_l3_b6_rms"", ""h_wpt_l3_b7_energy"", ""h_wpt_l3_b7_rms"", ""h_wpt_l3_b8_energy"", ""h_wpt_l3_b8_rms"", ""h_wpt_l3_b1_energy_ratio"", ""h_wpt_l3_b2_energy_ratio"", ""h_wpt_l3_b3_energy_ratio"", ""h_wpt_l3_b4_energy_ratio"", ""h_wpt_l3_b5_energy_ratio"", ""h_wpt_l3_b6_energy_ratio"", ""h_wpt_l3_b7_energy_ratio"", ""h_wpt_l3_b8_energy_ratio"", ""h_wav_ca3_mean"", ""h_wav_ca3_var"", ""h_wav_ca3_energy"", ""h_wav_cd3_mean"", ""h_wav_cd3_var"", ""h_wav_cd3_energy"", ""h_wav_cd2_mean"", ""h_wav_cd2_var"", ""h_wav_cd2_energy"", ""h_wav_cd1_mean"", ""h_wav_cd1_var"", ""h_wav_cd1_energy"", ""v_mean"", ""v_std"", ""v_rms"", ""v_max"", ""v_min"", ""v_peak_to_peak"", ""v_abs_mean"", ""v_skewness"", ""v_kurtosis"", ""v_energy"", ""v_max_abs"", ""v_crest_factor"", ""v_impulse_factor"", ""v_shape_factor"", ""v_spectral_energy"", ""v_spectral_centroid"", ""v_spectral_entropy"", ""v_dominant_frequency"", ""v_band_energy_0_2k"", ""v_band_energy_2k_5k"", ""v_band_energy_5k_10k"", ""v_band_energy_10k_nyquist"", ""v_band_ratio_0_2k"", ""v_band_ratio_2k_5k"", ""v_band_ratio_5k_10k"", ""v_band_ratio_10k_nyquist"", ""v_wpt_l3_b1_energy"", ""v_wpt_l3_b1_rms"", ""v_wpt_l3_b2_energy"", ""v_wpt_l3_b2_rms"", ""v_wpt_l3_b3_energy"", ""v_wpt_l3_b3_rms"", ""v_wpt_l3_b4_energy"", ""v_wpt_l3_b4_rms"", ""v_wpt_l3_b5_energy"", ""v_wpt_l3_b5_rms"", ""v_wpt_l3_b6_energy"", ""v_wpt_l3_b6_rms"", ""v_wpt_l3_b7_energy"", ""v_wpt_l3_b7_rms"", ""v_wpt_l3_b8_energy"", ""v_wpt_l3_b8_rms"", ""v_wpt_l3_b1_energy_ratio"", ""v_wpt_l3_b2_energy_ratio"", ""v_wpt_l3_b3_energy_ratio"", ""v_wpt_l3_b4_energy_ratio"", ""v_wpt_l3_b5_energy_ratio"", ""v_wpt_l3_b6_energy_ratio"", ""v_wpt_l3_b7_energy_ratio"", ""v_wpt_l3_b8_energy_ratio"", ""v_wav_ca3_mean"", ""v_wav_ca3_var"", ""v_wav_ca3_energy"", ""v_wav_cd3_mean"", ""v_wav_cd3_var"", ""v_wav_cd3_energy"", ""v_wav_cd2_mean"", ""v_wav_cd2_var"", ""v_wav_cd2_energy"", ""v_wav_cd1_mean"", ""v_wav_cd1_var"", ""v_wav_cd1_energy""]"
cross_condition,cross_train_C1_C3_test_C2,C2,selected_top30,Top30,30,100.0,0.7520590139418302,0.2652928461287989,0.33005220434797666,-0.2988571456758482,"[""v_band_ratio_2k_5k"", ""h_band_ratio_2k_5k"", ""v_band_ratio_5k_10k"", ""h_band_ratio_5k_10k"", ""v_abs_mean"", ""v_wpt_l3_b7_energy_ratio"", ""h_abs_mean"", ""h_band_ratio_0_2k"", ""v_wpt_l3_b2_energy_ratio"", ""v_rms"", ""v_band_ratio_0_2k"", ""h_std"", ""h_rms"", ""v_wpt_l3_b1_rms"", ""v_std"", ""h_wpt_l3_b6_rms"", ""v_spectral_entropy"", ""v_wpt_l3_b2_rms"", ""h_wpt_l3_b2_rms"", ""h_wpt_l3_b8_energy_ratio"", ""h_wpt_l3_b4_rms"", ""v_wpt_l3_b7_rms"", ""h_wpt_l3_b5_rms"", ""v_wpt_l3_b5_rms"", ""v_wpt_l3_b6_rms"", ""v_band_energy_10k_nyquist"", ""h_wpt_l3_b7_energy_ratio"", ""v_wpt_l3_b8_energy_ratio"", ""v_wpt_l3_b8_rms"", ""v_band_energy_5k_10k""]"
cross_condition,cross_train_C1_C3_test_C2,C2,selected_top60,Top60,60,10.0,0.7925565156030906,0.3675880306016768,0.45112093867996916,-1.4265099872593625,"[""v_band_ratio_2k_5k"", ""h_band_ratio_2k_5k"", ""v_band_ratio_5k_10k"", ""h_band_ratio_5k_10k"", ""v_abs_mean"", ""v_wpt_l3_b7_energy_ratio"", ""h_abs_mean"", ""h_band_ratio_0_2k"", ""v_wpt_l3_b2_energy_ratio"", ""v_rms"", ""v_band_ratio_0_2k"", ""h_std"", ""h_rms"", ""v_wpt_l3_b1_rms"", ""v_std"", ""h_wpt_l3_b6_rms"", ""v_spectral_entropy"", ""v_wpt_l3_b2_rms"", ""h_wpt_l3_b2_rms"", ""h_wpt_l3_b8_energy_ratio"", ""h_wpt_l3_b4_rms"", ""v_wpt_l3_b7_rms"", ""h_wpt_l3_b5_rms"", ""v_wpt_l3_b5_rms"", ""v_wpt_l3_b6_rms"", ""v_band_energy_10k_nyquist"", ""h_wpt_l3_b7_energy_ratio"", ""v_wpt_l3_b8_energy_ratio"", ""v_wpt_l3_b8_rms"", ""v_band_energy_5k_10k"", ""v_spectral_centroid"", ""h_wpt_l3_b6_energy_ratio"", ""h_band_energy_5k_10k"", ""h_wpt_l3_b3_rms"", ""h_wpt_l3_b3_energy_ratio"", ""h_wpt_l3_b1_rms"", ""h_wpt_l3_b8_rms"", ""h_spectral_entropy"", ""v_band_ratio_10k_nyquist"", ""h_wpt_l3_b7_rms"", ""v_wpt_l3_b3_rms"", ""v_wpt_l3_b4_rms"", ""v_wpt_l3_b6_energy_ratio"", ""v_wav_cd1_energy"", ""v_wav_cd1_var"", ""h_peak_to_peak"", ""v_wpt_l3_b6_energy"", ""v_wpt_l3_b5_energy"", ""h_band_energy_10k_nyquist"", ""h_max"", ""h_wav_cd1_energy"", ""h_wpt_l3_b6_energy"", ""h_max_abs"", ""h_wpt_l3_b5_energy"", ""v_wpt_l3_b8_energy"", ""h_energy"", ""v_wpt_l3_b7_energy"", ""v_wav_ca3_var"", ""h_spectral_energy"", ""h_wav_cd1_var""]"
cross_condition,cross_train_C2_C3_test_C1,C1,raw_signal,Raw signal,512,100.0,0.34669939813637907,0.266645323123039,0.3341868144297983,-0.31855634131025656,"[""h_raw_0000"", ""h_raw_0001"", ""h_raw_0002"", ""h_raw_0003"", ""h_raw_0004"", ""h_raw_0005"", ""h_raw_0006"", ""h_raw_0007"", ""h_raw_0008"", ""h_raw_0009"", ""h_raw_0010"", ""h_raw_0011"", ""h_raw_0012"", ""h_raw_0013"", ""h_raw_0014"", ""h_raw_0015"", ""h_raw_0016"", ""h_raw_0017"", ""h_raw_0018"", ""h_raw_0019"", ""h_raw_0020"", ""h_raw_0021"", ""h_raw_0022"", ""h_raw_0023"", ""h_raw_0024"", ""h_raw_0025"", ""h_raw_0026"", ""h_raw_0027"", ""h_raw_0028"", ""h_raw_0029"", ""h_raw_0030"", ""h_raw_0031"", ""h_raw_0032"", ""h_raw_0033"", ""h_raw_0034"", ""h_raw_0035"", ""h_raw_0036"", ""h_raw_0037"", ""h_raw_0038"", ""h_raw_0039"", ""h_raw_0040"", ""h_raw_0041"", ""h_raw_0042"", ""h_raw_0043"", ""h_raw_0044"", ""h_raw_0045"", ""h_raw_0046"", ""h_raw_0047"", ""h_raw_0048"", ""h_raw_0049"", ""h_raw_0050"", ""h_raw_0051"", ""h_raw_0052"", ""h_raw_0053"", ""h_raw_0054"", ""h_raw_0055"", ""h_raw_0056"", ""h_raw_0057"", ""h_raw_0058"", ""h_raw_0059"", ""h_raw_0060"", ""h_raw_0061"", ""h_raw_0062"", ""h_raw_0063"", ""h_raw_0064"", ""h_raw_0065"", ""h_raw_0066"", ""h_raw_0067"", ""h_raw_0068"", ""h_raw_0069"", ""h_raw_0070"", ""h_raw_0071"", ""h_raw_0072"", ""h_raw_0073"", ""h_raw_0074"", ""h_raw_0075"", ""h_raw_0076"", ""h_raw_0077"", ""h_raw_0078"", ""h_raw_0079"", ""h_raw_0080"", ""h_raw_0081"", ""h_raw_0082"", ""h_raw_0083"", ""h_raw_0084"", ""h_raw_0085"", ""h_raw_0086"", ""h_raw_0087"", ""h_raw_0088"", ""h_raw_0089"", ""h_raw_0090"", ""h_raw_0091"", ""h_raw_0092"", ""h_raw_0093"", ""h_raw_0094"", ""h_raw_0095"", ""h_raw_0096"", ""h_raw_0097"", ""h_raw_0098"", ""h_raw_0099"", ""h_raw_0100"", ""h_raw_0101"", ""h_raw_0102"", ""h_raw_0103"", ""h_raw_0104"", ""h_raw_0105"", ""h_raw_0106"", ""h_raw_0107"", ""h_raw_0108"", ""h_raw_0109"", ""h_raw_0110"", ""h_raw_0111"", ""h_raw_0112"", ""h_raw_0113"", ""h_raw_0114"", ""h_raw_0115"", ""h_raw_0116"", ""h_raw_0117"", ""h_raw_0118"", ""h_raw_0119"", ""h_raw_0120"", ""h_raw_0121"", ""h_raw_0122"", ""h_raw_0123"", ""h_raw_0124"", ""h_raw_0125"", ""h_raw_0126"", ""h_raw_0127"", ""h_raw_0128"", ""h_raw_0129"", ""h_raw_0130"", ""h_raw_0131"", ""h_raw_0132"", ""h_raw_0133"", ""h_raw_0134"", ""h_raw_0135"", ""h_raw_0136"", ""h_raw_0137"", ""h_raw_0138"", ""h_raw_0139"", ""h_raw_0140"", ""h_raw_0141"", ""h_raw_0142"", ""h_raw_0143"", ""h_raw_0144"", ""h_raw_0145"", ""h_raw_0146"", ""h_raw_0147"", ""h_raw_0148"", ""h_raw_0149"", ""h_raw_0150"", ""h_raw_0151"", ""h_raw_0152"", ""h_raw_0153"", ""h_raw_0154"", ""h_raw_0155"", ""h_raw_0156"", ""h_raw_0157"", ""h_raw_0158"", ""h_raw_0159"", ""h_raw_0160"", ""h_raw_0161"", ""h_raw_0162"", ""h_raw_0163"", ""h_raw_0164"", ""h_raw_0165"", ""h_raw_0166"", ""h_raw_0167"", ""h_raw_0168"", ""h_raw_0169"", ""h_raw_0170"", ""h_raw_0171"", ""h_raw_0172"", ""h_raw_0173"", ""h_raw_0174"", ""h_raw_0175"", ""h_raw_0176"", ""h_raw_0177"", ""h_raw_0178"", ""h_raw_0179"", ""h_raw_0180"", ""h_raw_0181"", ""h_raw_0182"", ""h_raw_0183"", ""h_raw_0184"", ""h_raw_0185"", ""h_raw_0186"", ""h_raw_0187"", ""h_raw_0188"", ""h_raw_0189"", ""h_raw_0190"", ""h_raw_0191"", ""h_raw_0192"", ""h_raw_0193"", ""h_raw_0194"", ""h_raw_0195"", ""h_raw_0196"", ""h_raw_0197"", ""h_raw_0198"", ""h_raw_0199"", ""h_raw_0200"", ""h_raw_0201"", ""h_raw_0202"", ""h_raw_0203"", ""h_raw_0204"", ""h_raw_0205"", ""h_raw_0206"", ""h_raw_0207"", ""h_raw_0208"", ""h_raw_0209"", ""h_raw_0210"", ""h_raw_0211"", ""h_raw_0212"", ""h_raw_0213"", ""h_raw_0214"", ""h_raw_0215"", ""h_raw_0216"", ""h_raw_0217"", ""h_raw_0218"", ""h_raw_0219"", ""h_raw_0220"", ""h_raw_0221"", ""h_raw_0222"", ""h_raw_0223"", ""h_raw_0224"", ""h_raw_0225"", ""h_raw_0226"", ""h_raw_0227"", ""h_raw_0228"", ""h_raw_0229"", ""h_raw_0230"", ""h_raw_0231"", ""h_raw_0232"", ""h_raw_0233"", ""h_raw_0234"", ""h_raw_0235"", ""h_raw_0236"", ""h_raw_0237"", ""h_raw_0238"", ""h_raw_0239"", ""h_raw_0240"", ""h_raw_0241"", ""h_raw_0242"", ""h_raw_0243"", ""h_raw_0244"", ""h_raw_0245"", ""h_raw_0246"", ""h_raw_0247"", ""h_raw_0248"", ""h_raw_0249"", ""h_raw_0250"", ""h_raw_0251"", ""h_raw_0252"", ""h_raw_0253"", ""h_raw_0254"", ""h_raw_0255"", ""v_raw_0000"", ""v_raw_0001"", ""v_raw_0002"", ""v_raw_0003"", ""v_raw_0004"", ""v_raw_0005"", ""v_raw_0006"", ""v_raw_0007"", ""v_raw_0008"", ""v_raw_0009"", ""v_raw_0010"", ""v_raw_0011"", ""v_raw_0012"", ""v_raw_0013"", ""v_raw_0014"", ""v_raw_0015"", ""v_raw_0016"", ""v_raw_0017"", ""v_raw_0018"", ""v_raw_0019"", ""v_raw_0020"", ""v_raw_0021"", ""v_raw_0022"", ""v_raw_0023"", ""v_raw_0024"", ""v_raw_0025"", ""v_raw_0026"", ""v_raw_0027"", ""v_raw_0028"", ""v_raw_0029"", ""v_raw_0030"", ""v_raw_0031"", ""v_raw_0032"", ""v_raw_0033"", ""v_raw_0034"", ""v_raw_0035"", ""v_raw_0036"", ""v_raw_0037"", ""v_raw_0038"", ""v_raw_0039"", ""v_raw_0040"", ""v_raw_0041"", ""v_raw_0042"", ""v_raw_0043"", ""v_raw_0044"", ""v_raw_0045"", ""v_raw_0046"", ""v_raw_0047"", ""v_raw_0048"", ""v_raw_0049"", ""v_raw_0050"", ""v_raw_0051"", ""v_raw_0052"", ""v_raw_0053"", ""v_raw_0054"", ""v_raw_0055"", ""v_raw_0056"", ""v_raw_0057"", ""v_raw_0058"", ""v_raw_0059"", ""v_raw_0060"", ""v_raw_0061"", ""v_raw_0062"", ""v_raw_0063"", ""v_raw_0064"", ""v_raw_0065"", ""v_raw_0066"", ""v_raw_0067"", ""v_raw_0068"", ""v_raw_0069"", ""v_raw_0070"", ""v_raw_0071"", ""v_raw_0072"", ""v_raw_0073"", ""v_raw_0074"", ""v_raw_0075"", ""v_raw_0076"", ""v_raw_0077"", ""v_raw_0078"", ""v_raw_0079"", ""v_raw_0080"", ""v_raw_0081"", ""v_raw_0082"", ""v_raw_0083"", ""v_raw_0084"", ""v_raw_0085"", ""v_raw_0086"", ""v_raw_0087"", ""v_raw_0088"", ""v_raw_0089"", ""v_raw_0090"", ""v_raw_0091"", ""v_raw_0092"", ""v_raw_0093"", ""v_raw_0094"", ""v_raw_0095"", ""v_raw_0096"", ""v_raw_0097"", ""v_raw_0098"", ""v_raw_0099"", ""v_raw_0100"", ""v_raw_0101"", ""v_raw_0102"", ""v_raw_0103"", ""v_raw_0104"", ""v_raw_0105"", ""v_raw_0106"", ""v_raw_0107"", ""v_raw_0108"", ""v_raw_0109"", ""v_raw_0110"", ""v_raw_0111"", ""v_raw_0112"", ""v_raw_0113"", ""v_raw_0114"", ""v_raw_0115"", ""v_raw_0116"", ""v_raw_0117"", ""v_raw_0118"", ""v_raw_0119"", ""v_raw_0120"", ""v_raw_0121"", ""v_raw_0122"", ""v_raw_0123"", ""v_raw_0124"", ""v_raw_0125"", ""v_raw_0126"", ""v_raw_0127"", ""v_raw_0128"", ""v_raw_0129"", ""v_raw_0130"", ""v_raw_0131"", ""v_raw_0132"", ""v_raw_0133"", ""v_raw_0134"", ""v_raw_0135"", ""v_raw_0136"", ""v_raw_0137"", ""v_raw_0138"", ""v_raw_0139"", ""v_raw_0140"", ""v_raw_0141"", ""v_raw_0142"", ""v_raw_0143"", ""v_raw_0144"", ""v_raw_0145"", ""v_raw_0146"", ""v_raw_0147"", ""v_raw_0148"", ""v_raw_0149"", ""v_raw_0150"", ""v_raw_0151"", ""v_raw_0152"", ""v_raw_0153"", ""v_raw_0154"", ""v_raw_0155"", ""v_raw_0156"", ""v_raw_0157"", ""v_raw_0158"", ""v_raw_0159"", ""v_raw_0160"", ""v_raw_0161"", ""v_raw_0162"", ""v_raw_0163"", ""v_raw_0164"", ""v_raw_0165"", ""v_raw_0166"", ""v_raw_0167"", ""v_raw_0168"", ""v_raw_0169"", ""v_raw_0170"", ""v_raw_0171"", ""v_raw_0172"", ""v_raw_0173"", ""v_raw_0174"", ""v_raw_0175"", ""v_raw_0176"", ""v_raw_0177"", ""v_raw_0178"", ""v_raw_0179"", ""v_raw_0180"", ""v_raw_0181"", ""v_raw_0182"", ""v_raw_0183"", ""v_raw_0184"", ""v_raw_0185"", ""v_raw_0186"", ""v_raw_0187"", ""v_raw_0188"", ""v_raw_0189"", ""v_raw_0190"", ""v_raw_0191"", ""v_raw_0192"", ""v_raw_0193"", ""v_raw_0194"", ""v_raw_0195"", ""v_raw_0196"", ""v_raw_0197"", ""v_raw_0198"", ""v_raw_0199"", ""v_raw_0200"", ""v_raw_0201"", ""v_raw_0202"", ""v_raw_0203"", ""v_raw_0204"", ""v_raw_0205"", ""v_raw_0206"", ""v_raw_0207"", ""v_raw_0208"", ""v_raw_0209"", ""v_raw_0210"", ""v_raw_0211"", ""v_raw_0212"", ""v_raw_0213"", ""v_raw_0214"", ""v_raw_0215"", ""v_raw_0216"", ""v_raw_0217"", ""v_raw_0218"", ""v_raw_0219"", ""v_raw_0220"", ""v_raw_0221"", ""v_raw_0222"", ""v_raw_0223"", ""v_raw_0224"", ""v_raw_0225"", ""v_raw_0226"", ""v_raw_0227"", ""v_raw_0228"", ""v_raw_0229"", ""v_raw_0230"", ""v_raw_0231"", ""v_raw_0232"", ""v_raw_0233"", ""v_raw_0234"", ""v_raw_0235"", ""v_raw_0236"", ""v_raw_0237"", ""v_raw_0238"", ""v_raw_0239"", ""v_raw_0240"", ""v_raw_0241"", ""v_raw_0242"", ""v_raw_0243"", ""v_raw_0244"", ""v_raw_0245"", ""v_raw_0246"", ""v_raw_0247"", ""v_raw_0248"", ""v_raw_0249"", ""v_raw_0250"", ""v_raw_0251"", ""v_raw_0252"", ""v_raw_0253"", ""v_raw_0254"", ""v_raw_0255""]"
cross_condition,cross_train_C2_C3_test_C1,C1,time,Time,28,100.0,0.35706596888363296,0.2552299368045559,0.4250366771553962,-1.1329117469288574,"[""h_mean"", ""h_std"", ""h_rms"", ""h_max"", ""h_min"", ""h_peak_to_peak"", ""h_abs_mean"", ""h_skewness"", ""h_kurtosis"", ""h_energy"", ""h_max_abs"", ""h_crest_factor"", ""h_impulse_factor"", ""h_shape_factor"", ""v_mean"", ""v_std"", ""v_rms"", ""v_max"", ""v_min"", ""v_peak_to_peak"", ""v_abs_mean"", ""v_skewness"", ""v_kurtosis"", ""v_energy"", ""v_max_abs"", ""v_crest_factor"", ""v_impulse_factor"", ""v_shape_factor""]"
cross_condition,cross_train_C2_C3_test_C1,C1,frequency,Frequency,24,100.0,0.42828881195139873,0.304062930074091,0.3734182106129031,-0.6463078831014006,"[""h_spectral_energy"", ""h_spectral_centroid"", ""h_spectral_entropy"", ""h_dominant_frequency"", ""h_band_energy_0_2k"", ""h_band_energy_2k_5k"", ""h_band_energy_5k_10k"", ""h_band_energy_10k_nyquist"", ""h_band_ratio_0_2k"", ""h_band_ratio_2k_5k"", ""h_band_ratio_5k_10k"", ""h_band_ratio_10k_nyquist"", ""v_spectral_energy"", ""v_spectral_centroid"", ""v_spectral_entropy"", ""v_dominant_frequency"", ""v_band_energy_0_2k"", ""v_band_energy_2k_5k"", ""v_band_energy_5k_10k"", ""v_band_energy_10k_nyquist"", ""v_band_ratio_0_2k"", ""v_band_ratio_2k_5k"", ""v_band_ratio_5k_10k"", ""v_band_ratio_10k_nyquist""]"
cross_condition,cross_train_C2_C3_test_C1,C1,wavelet,Wavelet,72,100.0,0.2920857019841704,0.2167144614950657,0.2943814109321352,-0.02315359767638192,"[""h_wpt_l3_b1_energy"", ""h_wpt_l3_b1_rms"", ""h_wpt_l3_b2_energy"", ""h_wpt_l3_b2_rms"", ""h_wpt_l3_b3_energy"", ""h_wpt_l3_b3_rms"", ""h_wpt_l3_b4_energy"", ""h_wpt_l3_b4_rms"", ""h_wpt_l3_b5_energy"", ""h_wpt_l3_b5_rms"", ""h_wpt_l3_b6_energy"", ""h_wpt_l3_b6_rms"", ""h_wpt_l3_b7_energy"", ""h_wpt_l3_b7_rms"", ""h_wpt_l3_b8_energy"", ""h_wpt_l3_b8_rms"", ""h_wpt_l3_b1_energy_ratio"", ""h_wpt_l3_b2_energy_ratio"", ""h_wpt_l3_b3_energy_ratio"", ""h_wpt_l3_b4_energy_ratio"", ""h_wpt_l3_b5_energy_ratio"", ""h_wpt_l3_b6_energy_ratio"", ""h_wpt_l3_b7_energy_ratio"", ""h_wpt_l3_b8_energy_ratio"", ""h_wav_ca3_mean"", ""h_wav_ca3_var"", ""h_wav_ca3_energy"", ""h_wav_cd3_mean"", ""h_wav_cd3_var"", ""h_wav_cd3_energy"", ""h_wav_cd2_mean"", ""h_wav_cd2_var"", ""h_wav_cd2_energy"", ""h_wav_cd1_mean"", ""h_wav_cd1_var"", ""h_wav_cd1_energy"", ""v_wpt_l3_b1_energy"", ""v_wpt_l3_b1_rms"", ""v_wpt_l3_b2_energy"", ""v_wpt_l3_b2_rms"", ""v_wpt_l3_b3_energy"", ""v_wpt_l3_b3_rms"", ""v_wpt_l3_b4_energy"", ""v_wpt_l3_b4_rms"", ""v_wpt_l3_b5_energy"", ""v_wpt_l3_b5_rms"", ""v_wpt_l3_b6_energy"", ""v_wpt_l3_b6_rms"", ""v_wpt_l3_b7_energy"", ""v_wpt_l3_b7_rms"", ""v_wpt_l3_b8_energy"", ""v_wpt_l3_b8_rms"", ""v_wpt_l3_b1_energy_ratio"", ""v_wpt_l3_b2_energy_ratio"", ""v_wpt_l3_b3_energy_ratio"", ""v_wpt_l3_b4_energy_ratio"", ""v_wpt_l3_b5_energy_ratio"", ""v_wpt_l3_b6_energy_ratio"", ""v_wpt_l3_b7_energy_ratio"", ""v_wpt_l3_b8_energy_ratio"", ""v_wav_ca3_mean"", ""v_wav_ca3_var"", ""v_wav_ca3_energy"", ""v_wav_cd3_mean"", ""v_wav_cd3_var"", ""v_wav_cd3_energy"", ""v_wav_cd2_mean"", ""v_wav_cd2_var"", ""v_wav_cd2_energy"", ""v_wav_cd1_mean"", ""v_wav_cd1_var"", ""v_wav_cd1_energy""]"
cross_condition,cross_train_C2_C3_test_C1,C1,original,Original,52,100.0,0.3629825807898151,0.25239407255952306,0.3720772519422371,-0.6345052075723232,"[""h_mean"", ""h_std"", ""h_rms"", ""h_max"", ""h_min"", ""h_peak_to_peak"", ""h_abs_mean"", ""h_skewness"", ""h_kurtosis"", ""h_energy"", ""h_max_abs"", ""h_crest_factor"", ""h_impulse_factor"", ""h_shape_factor"", ""h_spectral_energy"", ""h_spectral_centroid"", ""h_spectral_entropy"", ""h_dominant_frequency"", ""h_band_energy_0_2k"", ""h_band_energy_2k_5k"", ""h_band_energy_5k_10k"", ""h_band_energy_10k_nyquist"", ""h_band_ratio_0_2k"", ""h_band_ratio_2k_5k"", ""h_band_ratio_5k_10k"", ""h_band_ratio_10k_nyquist"", ""v_mean"", ""v_std"", ""v_rms"", ""v_max"", ""v_min"", ""v_peak_to_peak"", ""v_abs_mean"", ""v_skewness"", ""v_kurtosis"", ""v_energy"", ""v_max_abs"", ""v_crest_factor"", ""v_impulse_factor"", ""v_shape_factor"", ""v_spectral_energy"", ""v_spectral_centroid"", ""v_spectral_entropy"", ""v_dominant_frequency"", ""v_band_energy_0_2k"", ""v_band_energy_2k_5k"", ""v_band_energy_5k_10k"", ""v_band_energy_10k_nyquist"", ""v_band_ratio_0_2k"", ""v_band_ratio_2k_5k"", ""v_band_ratio_5k_10k"", ""v_band_ratio_10k_nyquist""]"
cross_condition,cross_train_C2_C3_test_C1,C1,all_expanded,All-expanded,124,100.0,0.3185195839238121,0.26050564162841355,0.34817694345950384,-0.43126511977844983,"[""h_mean"", ""h_std"", ""h_rms"", ""h_max"", ""h_min"", ""h_peak_to_peak"", ""h_abs_mean"", ""h_skewness"", ""h_kurtosis"", ""h_energy"", ""h_max_abs"", ""h_crest_factor"", ""h_impulse_factor"", ""h_shape_factor"", ""h_spectral_energy"", ""h_spectral_centroid"", ""h_spectral_entropy"", ""h_dominant_frequency"", ""h_band_energy_0_2k"", ""h_band_energy_2k_5k"", ""h_band_energy_5k_10k"", ""h_band_energy_10k_nyquist"", ""h_band_ratio_0_2k"", ""h_band_ratio_2k_5k"", ""h_band_ratio_5k_10k"", ""h_band_ratio_10k_nyquist"", ""h_wpt_l3_b1_energy"", ""h_wpt_l3_b1_rms"", ""h_wpt_l3_b2_energy"", ""h_wpt_l3_b2_rms"", ""h_wpt_l3_b3_energy"", ""h_wpt_l3_b3_rms"", ""h_wpt_l3_b4_energy"", ""h_wpt_l3_b4_rms"", ""h_wpt_l3_b5_energy"", ""h_wpt_l3_b5_rms"", ""h_wpt_l3_b6_energy"", ""h_wpt_l3_b6_rms"", ""h_wpt_l3_b7_energy"", ""h_wpt_l3_b7_rms"", ""h_wpt_l3_b8_energy"", ""h_wpt_l3_b8_rms"", ""h_wpt_l3_b1_energy_ratio"", ""h_wpt_l3_b2_energy_ratio"", ""h_wpt_l3_b3_energy_ratio"", ""h_wpt_l3_b4_energy_ratio"", ""h_wpt_l3_b5_energy_ratio"", ""h_wpt_l3_b6_energy_ratio"", ""h_wpt_l3_b7_energy_ratio"", ""h_wpt_l3_b8_energy_ratio"", ""h_wav_ca3_mean"", ""h_wav_ca3_var"", ""h_wav_ca3_energy"", ""h_wav_cd3_mean"", ""h_wav_cd3_var"", ""h_wav_cd3_energy"", ""h_wav_cd2_mean"", ""h_wav_cd2_var"", ""h_wav_cd2_energy"", ""h_wav_cd1_mean"", ""h_wav_cd1_var"", ""h_wav_cd1_energy"", ""v_mean"", ""v_std"", ""v_rms"", ""v_max"", ""v_min"", ""v_peak_to_peak"", ""v_abs_mean"", ""v_skewness"", ""v_kurtosis"", ""v_energy"", ""v_max_abs"", ""v_crest_factor"", ""v_impulse_factor"", ""v_shape_factor"", ""v_spectral_energy"", ""v_spectral_centroid"", ""v_spectral_entropy"", ""v_dominant_frequency"", ""v_band_energy_0_2k"", ""v_band_energy_2k_5k"", ""v_band_energy_5k_10k"", ""v_band_energy_10k_nyquist"", ""v_band_ratio_0_2k"", ""v_band_ratio_2k_5k"", ""v_band_ratio_5k_10k"", ""v_band_ratio_10k_nyquist"", ""v_wpt_l3_b1_energy"", ""v_wpt_l3_b1_rms"", ""v_wpt_l3_b2_energy"", ""v_wpt_l3_b2_rms"", ""v_wpt_l3_b3_energy"", ""v_wpt_l3_b3_rms"", ""v_wpt_l3_b4_energy"", ""v_wpt_l3_b4_rms"", ""v_wpt_l3_b5_energy"", ""v_wpt_l3_b5_rms"", ""v_wpt_l3_b6_energy"", ""v_wpt_l3_b6_rms"", ""v_wpt_l3_b7_energy"", ""v_wpt_l3_b7_rms"", ""v_wpt_l3_b8_energy"", ""v_wpt_l3_b8_rms"", ""v_wpt_l3_b1_energy_ratio"", ""v_wpt_l3_b2_energy_ratio"", ""v_wpt_l3_b3_energy_ratio"", ""v_wpt_l3_b4_energy_ratio"", ""v_wpt_l3_b5_energy_ratio"", ""v_wpt_l3_b6_energy_ratio"", ""v_wpt_l3_b7_energy_ratio"", ""v_wpt_l3_b8_energy_ratio"", ""v_wav_ca3_mean"", ""v_wav_ca3_var"", ""v_wav_ca3_energy"", ""v_wav_cd3_mean"", ""v_wav_cd3_var"", ""v_wav_cd3_energy"", ""v_wav_cd2_mean"", ""v_wav_cd2_var"", ""v_wav_cd2_energy"", ""v_wav_cd1_mean"", ""v_wav_cd1_var"", ""v_wav_cd1_energy""]"
cross_condition,cross_train_C2_C3_test_C1,C1,selected_top30,Top30,30,100.0,0.34506844225284083,0.2252033195895288,0.2827879809626202,0.05584789653535571,"[""v_band_ratio_2k_5k"", ""v_band_energy_10k_nyquist"", ""h_abs_mean"", ""h_wpt_l3_b7_energy_ratio"", ""h_wpt_l3_b2_rms"", ""v_wpt_l3_b2_rms"", ""h_wpt_l3_b1_rms"", ""v_wpt_l3_b7_rms"", ""h_wpt_l3_b4_rms"", ""h_rms"", ""h_std"", ""v_wpt_l3_b8_rms"", ""v_wpt_l3_b1_rms"", ""v_band_energy_5k_10k"", ""v_abs_mean"", ""v_rms"", ""v_std"", ""h_wpt_l3_b6_energy_ratio"", ""v_wpt_l3_b7_energy_ratio"", ""h_wpt_l3_b6_rms"", ""h_wpt_l3_b5_rms"", ""v_wpt_l3_b6_rms"", ""h_band_ratio_2k_5k"", ""v_band_ratio_5k_10k"", ""v_wpt_l3_b5_rms"", ""v_wpt_l3_b8_energy_ratio"", ""v_wav_cd1_energy"", ""v_wav_cd1_var"", ""v_band_ratio_0_2k"", ""h_band_energy_10k_nyquist""]"
cross_condition,cross_train_C2_C3_test_C1,C1,selected_top60,Top60,60,100.0,0.3502900590421118,0.20938304156086154,0.2785823942164168,0.0837216950375459,"[""v_band_ratio_2k_5k"", ""v_band_energy_10k_nyquist"", ""h_abs_mean"", ""h_wpt_l3_b7_energy_ratio"", ""h_wpt_l3_b2_rms"", ""v_wpt_l3_b2_rms"", ""h_wpt_l3_b1_rms"", ""v_wpt_l3_b7_rms"", ""h_wpt_l3_b4_rms"", ""h_rms"", ""h_std"", ""v_wpt_l3_b8_rms"", ""v_wpt_l3_b1_rms"", ""v_band_energy_5k_10k"", ""v_abs_mean"", ""v_rms"", ""v_std"", ""h_wpt_l3_b6_energy_ratio"", ""v_wpt_l3_b7_energy_ratio"", ""h_wpt_l3_b6_rms"", ""h_wpt_l3_b5_rms"", ""v_wpt_l3_b6_rms"", ""h_band_ratio_2k_5k"", ""v_band_ratio_5k_10k"", ""v_wpt_l3_b5_rms"", ""v_wpt_l3_b8_energy_ratio"", ""v_wav_cd1_energy"", ""v_wav_cd1_var"", ""v_band_ratio_0_2k"", ""h_band_energy_10k_nyquist"", ""h_band_ratio_0_2k"", ""h_wpt_l3_b7_rms"", ""h_band_ratio_5k_10k"", ""h_peak_to_peak"", ""h_spectral_entropy"", ""h_wpt_l3_b3_rms"", ""h_wpt_l3_b8_rms"", ""h_band_energy_5k_10k"", ""v_wpt_l3_b4_rms"", ""v_wpt_l3_b7_energy"", ""v_peak_to_peak"", ""v_wpt_l3_b8_energy"", ""v_wpt_l3_b3_rms"", ""v_min"", ""v_wav_cd3_var"", ""v_max_abs"", ""h_max"", ""h_wpt_l3_b1_energy"", ""h_wav_ca3_energy"", ""v_wav_cd3_energy"", ""v_wpt_l3_b2_energy"", ""v_max"", ""h_max_abs"", ""v_spectral_energy"", ""v_energy"", ""v_wpt_l3_b6_energy"", ""h_wav_ca3_var"", ""v_spectral_entropy"", ""v_wpt_l3_b1_energy"", ""v_wav_ca3_energy""]"
